retention_in_hour, count
0, 440269487
1, 215880722
2, 104045265
3, 71320038
4, 59002891
5, 49988662
6, 43254196
7, 37695953
8, 34476596
9, 32521831
10, 28914506
11, 26599302
12, 25020012
13, 22437677
14, 20655131
15, 18517381
16, 17240883
17, 16912472
18, 16364831
19, 16688333
20, 15059065
21, 18012871
22, 14212305
23, 12751354
24, 26932945
25, 5695752
26, 5200572
27, 4386286
28, 3911277
29, 4132798
30, 4075678
31, 4070760
32, 3912127
33, 3970016
34, 4350965
35, 4351116
36, 3634876
37, 4347834
38, 4310228
39, 3536352
40, 2925491
41, 2603344
42, 2558301
43, 3142161
44, 3307069
45, 3367366
46, 4560016
47, 3083868
48, 4666145
49, 2088423
50, 1906960
51, 2277022
52, 2506492
53, 2265981
54, 2262796
55, 2140099
56, 2076327
57, 2031362
58, 1809203
59, 1846538
60, 1779590
61, 1776885
62, 1780237
63, 1544784
64, 1456303
65, 1532744
66, 1669008
67, 1415170
68, 1597018
69, 2254496
70, 1927245
71, 1689764
72, 3239397
73, 1359997
74, 1321805
75, 1445329
76, 1515529
77, 1566256
78, 1568867
79, 1552198
80, 1162356
81, 1338830
82, 1238124
83, 1214735
84, 1075110
85, 1148037
86, 1183934
87, 1277625
88, 1430680
89, 1286485
90, 1376805
91, 1581728
92, 1669007
93, 1071915
94, 1234167
95, 1107996
96, 1240349
97, 1045740
98, 1093112
99, 1125473
100, 962460
101, 803494
102, 1029690
103, 1283074
104, 962739
105, 882805
106, 1128613
107, 854872
108, 772914
109, 918272
110, 1008802
111, 904377
112, 745895
113, 693948
114, 923890
115, 972059
116, 813025
117, 802896
118, 926326
119, 754687
120, 1255053
121, 713772
122, 780474
123, 921218
124, 798014
125, 884065
126, 878002
127, 830840
128, 913782
129, 893628
130, 656752
131, 605522
132, 614133
133, 792058
134, 798770
135, 748821
136, 598887
137, 646736
138, 704582
139, 564854
140, 798348
141, 754755
142, 611717
143, 724587
144, 891834
145, 657561
146, 727627
147, 573658
148, 612285
149, 585825
150, 581232
151, 493312
152, 423550
153, 389647
154, 472641
155, 464497
156, 752433
157, 691168
158, 463378
159, 608182
160, 469211
161, 587662
162, 491863
163, 538840
164, 570787
165, 523598
166, 536585
167, 500128
168, 575447
169, 406262
170, 450213
171, 655110
172, 722418
173, 652649
174, 652102
175, 526021
176, 591627
177, 406328
178, 589320
179, 339997
180, 320406
181, 490650
182, 544612
183, 313723
184, 388377
185, 435563
186, 466307
187, 469483
188, 407663
189, 414693
190, 569587
191, 476066
192, 582249
193, 308558
194, 311907
195, 333253
196, 323456
197, 583958
198, 438055
199, 417542
200, 362945
201, 291761
202, 282351
203, 250108
204, 308737
205, 371379
206, 342308
207, 421442
208, 370259
209, 278696
210, 322565
211, 382509
212, 256593
213, 288989
214, 274285
215, 246261
216, 351371
217, 227896
218, 201663
219, 259095
220, 616213
221, 476251
222, 484845
223, 372735
224, 349359
225, 336346
226, 239664
227, 315982
228, 251684
229, 467900
230, 394489
231, 267777
232, 247481
233, 335185
234, 389867
235, 390482
236, 274039
237, 342842
238, 259156
239, 451502
240, 296048
241, 221571
242, 293661
243, 379135
244, 422922
245, 360504
246, 332144
247, 305371
248, 291741
249, 241873
250, 204667
251, 377008
252, 269240
253, 374314
254, 220287
255, 211366
256, 435710
257, 439651
258, 311070
259, 305107
260, 232042
261, 208563
262, 199695
263, 176874
264, 258736
265, 255123
266, 186806
267, 184962
268, 185060
269, 248355
270, 267872
271, 231068
272, 213809
273, 154470
274, 168084
275, 192979
276, 212772
277, 249131
278, 195827
279, 161736
280, 166237
281, 203640
282, 170830
283, 145131
284, 139898
285, 253538
286, 197791
287, 148825
288, 167341
289, 130766
290, 175361
291, 276303
292, 390681
293, 570603
294, 427358
295, 239837
296, 238232
297, 540443
298, 659390
299, 418738
300, 238271
301, 378932
302, 244791
303, 181457
304, 123243
305, 159845
306, 145151
307, 170183
308, 152820
309, 166695
310, 186485
311, 205013
312, 198206
313, 185338
314, 136796
315, 154692
316, 160709
317, 252551
318, 361700
319, 243112
320, 194214
321, 166244
322, 167542
323, 157065
324, 214179
325, 215885
326, 195577
327, 196146
328, 216912
329, 170083
330, 192337
331, 267233
332, 341152
333, 233130
334, 239368
335, 286853
336, 190263
337, 162417
338, 144325
339, 149306
340, 158293
341, 242246
342, 247521
343, 189693
344, 164434
345, 134327
346, 149310
347, 147914
348, 149043
349, 234181
350, 357829
351, 207218
352, 415958
353, 256336
354, 172841
355, 188468
356, 462159
357, 234779
358, 188016
359, 166259
360, 200088
361, 230138
362, 213329
363, 264242
364, 205094
365, 270257
366, 272326
367, 193634
368, 184707
369, 254018
370, 260011
371, 176215
372, 120968
373, 134175
374, 222219
375, 169473
376, 255410
377, 126488
378, 179525
379, 132800
380, 160241
381, 365723
382, 109976
383, 109116
384, 118858
385, 184573
386, 115240
387, 92852
388, 310552
389, 272650
390, 239095
391, 177457
392, 122564
393, 225766
394, 176030
395, 126765
396, 124919
397, 165266
398, 198452
399, 117182
400, 212865
401, 131358
402, 143166
403, 141393
404, 213090
405, 225046
406, 153782
407, 118790
408, 125789
409, 141010
410, 122186
411, 126363
412, 317152
413, 209337
414, 217539
415, 149349
416, 84274
417, 116160
418, 131148
419, 101936
420, 120275
421, 105111
422, 106313
423, 81550
424, 76576
425, 94218
426, 97270
427, 90955
428, 118958
429, 70426
430, 66790
431, 110893
432, 134904
433, 163500
434, 130030
435, 78535
436, 128603
437, 226651
438, 188825
439, 109527
440, 68176
441, 68240
442, 92838
443, 86382
444, 73465
445, 93230
446, 85663
447, 79729
448, 98139
449, 74035
450, 116461
451, 213636
452, 105217
453, 71145
454, 59727
455, 57457
456, 81935
457, 77365
458, 86545
459, 141408
460, 93571
461, 179545
462, 133734
463, 145236
464, 115529
465, 75084
466, 84121
467, 61750
468, 166636
469, 124302
470, 98035
471, 64398
472, 304586
473, 64400
474, 80649
475, 85317
476, 115155
477, 84453
478, 148595
479, 90644
480, 131993
481, 149583
482, 102591
483, 83242
484, 108312
485, 186508
486, 144374
487, 91452
488, 58990
489, 76704
490, 177174
491, 90457
492, 194351
493, 88900
494, 67366
495, 56674
496, 88726
497, 82767
498, 67436
499, 71377
500, 133699
501, 76770
502, 85290
503, 53013
504, 57676
505, 60821
506, 79884
507, 67932
508, 130276
509, 139089
510, 145275
511, 139137
512, 67470
513, 92160
514, 81919
515, 82479
516, 76355
517, 56644
518, 51483
519, 94752
520, 143368
521, 79205
522, 90985
523, 70689
524, 105105
525, 89808
526, 47873
527, 51390
528, 69574
529, 86107
530, 107644
531, 143605
532, 112744
533, 137398
534, 173701
535, 111496
536, 97466
537, 87284
538, 86821
539, 144597
540, 56885
541, 52917
542, 47556
543, 56751
544, 77528
545, 61077
546, 138858
547, 116696
548, 123301
549, 89417
550, 104246
551, 202134
552, 195463
553, 109608
554, 69672
555, 313265
556, 1840463
557, 1700270
558, 749038
559, 412837
560, 162330
561, 110946
562, 141693
563, 101916
564, 57308
565, 100736
566, 139737
567, 120310
568, 141371
569, 117639
570, 91320
571, 86366
572, 133761
573, 102938
574, 268406
575, 164852
576, 84057
577, 52377
578, 66403
579, 62269
580, 211178
581, 137346
582, 181509
583, 97003
584, 48274
585, 54335
586, 52642
587, 44807
588, 46228
589, 64036
590, 101395
591, 85463
592, 48347
593, 58604
594, 44816
595, 54687
596, 50788
597, 27669
598, 33306
599, 33469
600, 36424
601, 22249
602, 24195
603, 37040
604, 74550
605, 82045
606, 93650
607, 77244
608, 46504
609, 32304
610, 30529
611, 60586
612, 58008
613, 42442
614, 40038
615, 37499
616, 46608
617, 29795
618, 25170
619, 32151
620, 69086
621, 45890
622, 54139
623, 32626
624, 28628
625, 22987
626, 28654
627, 34280
628, 89204
629, 87758
630, 88002
631, 56369
632, 52336
633, 35247
634, 46022
635, 64754
636, 56690
637, 61922
638, 58978
639, 41243
640, 50018
641, 33894
642, 29981
643, 40587
644, 56790
645, 53341
646, 50342
647, 51974
648, 28789
649, 28101
650, 38653
651, 28421
652, 66868
653, 77577
654, 94932
655, 55276
656, 42633
657, 58455
658, 61727
659, 63628
660, 64416
661, 38592
662, 27694
663, 44738
664, 36905
665, 32717
666, 22100
667, 25993
668, 43814
669, 41083
670, 42455
671, 51528
672, 23517
673, 31513
674, 24814
675, 37815
676, 76927
677, 59493
678, 96934
679, 129875
680, 44628
681, 54942
682, 35251
683, 64438
684, 60337
685, 66640
686, 52947
687, 72164
688, 80945
689, 54532
690, 55289
691, 49979
692, 35795
693, 38913
694, 66061
695, 113956
696, 37425
697, 31346
698, 30256
699, 76298
700, 78933
701, 67382
702, 86270
703, 52919
704, 31721
705, 48102
706, 78604
707, 56155
708, 23725
709, 54018
710, 48363
711, 43120
712, 42030
713, 29063
714, 35645
715, 57151
716, 38463
717, 41885
718, 47395
719, 32934
720, 40317
721, 39132
722, 19514
723, 57092
724, 159195
725, 91751
726, 66013
727, 65808
728, 34977
729, 58066
730, 58300
731, 46926
732, 74819
733, 24029
734, 51330
735, 53707
736, 62710
737, 34544
738, 34523
739, 39479
740, 18980
741, 27445
742, 39898
743, 50551
744, 33992
745, 17467
746, 17999
747, 47838
748, 104860
749, 84350
750, 30945
751, 45074
752, 58823
753, 50040
754, 29654
755, 24153
756, 25527
757, 28281
758, 17689
759, 35229
760, 35572
761, 33809
762, 31261
763, 43390
764, 24757
765, 36244
766, 49013
767, 31929
768, 28923
769, 16173
770, 28438
771, 32322
772, 61727
773, 56567
774, 37035
775, 48602
776, 54470
777, 46363
778, 37494
779, 33248
780, 29612
781, 25328
782, 32508
783, 96504
784, 32550
785, 23284
786, 28544
787, 19959
788, 20199
789, 25043
790, 31365
791, 31660
792, 35022
793, 20878
794, 13563
795, 31825
796, 60574
797, 69099
798, 35174
799, 53363
800, 29553
801, 49381
802, 55704
803, 47700
804, 20856
805, 50480
806, 77599
807, 61825
808, 97328
809, 140416
810, 148952
811, 172596
812, 62977
813, 47170
814, 60248
815, 13986
816, 33917
817, 23010
818, 16913
819, 18020
820, 67723
821, 65303
822, 48091
823, 67774
824, 57154
825, 88839
826, 95210
827, 42018
828, 54462
829, 54979
830, 34164
831, 29206
832, 53848
833, 65181
834, 113714
835, 45624
836, 43306
837, 29367
838, 23664
839, 25499
840, 57728
841, 46915
842, 59497
843, 39156
844, 102097
845, 83679
846, 38498
847, 20397
848, 21021
849, 59903
850, 22010
851, 52319
852, 37145
853, 20257
854, 11492
855, 15297
856, 24180
857, 23650
858, 24783
859, 48501
860, 67863
861, 13092
862, 38206
863, 56110
864, 115205
865, 51446
866, 54975
867, 78094
868, 70192
869, 79794
870, 79637
871, 25767
872, 21648
873, 467795
874, 141000
875, 71675
876, 141177
877, 16108
878, 19352
879, 20603
880, 22116
881, 25011
882, 80489
883, 67717
884, 78177
885, 88315
886, 149600
887, 60389
888, 53943
889, 53375
890, 40142
891, 89914
892, 58334
893, 41612
894, 36722
895, 30006
896, 31598
897, 33740
898, 26599
899, 19733
900, 30589
901, 14151
902, 15392
903, 33343
904, 28115
905, 14165
906, 14087
907, 22385
908, 27509
909, 12787
910, 14839
911, 19493
912, 11240
913, 16781
914, 42729
915, 29287
916, 30526
917, 19449
918, 18998
919, 18746
920, 26649
921, 24943
922, 24112
923, 13321
924, 15950
925, 15424
926, 14332
927, 26681
928, 24559
929, 9502
930, 10428
931, 26251
932, 30969
933, 26037
934, 17287
935, 13201
936, 13470
937, 13412
938, 32396
939, 27407
940, 24316
941, 25893
942, 20161
943, 20099
944, 24077
945, 6581
946, 9771
947, 20918
948, 14426
949, 15135
950, 27150
951, 29187
952, 40181
953, 33888
954, 12676
955, 24224
956, 30897
957, 15672
958, 19267
959, 27281
960, 238093
961, 41290
962, 25667
963, 53257
964, 76616
965, 40013
966, 33253
967, 32551
968, 30426
969, 17615
970, 7921
971, 13265
972, 35078
973, 24979
974, 37007
975, 52811
976, 47054
977, 49100
978, 13826
979, 25549
980, 25442
981, 24470
982, 22446
983, 28115
984, 21304
985, 15281
986, 16450
987, 23591
988, 62720
989, 29853
990, 52785
991, 20933
992, 12262
993, 17828
994, 20138
995, 20304
996, 16234
997, 11497
998, 19345
999, 47309
1000, 31209
1001, 39169
1002, 14583
1003, 17711
1004, 10800
1005, 12611
1006, 83694
1007, 21832
1008, 19425
1009, 11993
1010, 14189
1011, 44554
1012, 61636
1013, 26859
1014, 23143
1015, 25121
1016, 17001
1017, 38406
1018, 24394
1019, 22086
1020, 30904
1021, 16259
1022, 36847
1023, 58181
1024, 39357
1025, 50381
1026, 15763
1027, 13932
1028, 7630
1029, 10927
1030, 18762
1031, 15286
1032, 17535
1033, 16983
1034, 9488
1035, 15193
1036, 45933
1037, 37240
1038, 27258
1039, 12349
1040, 44423
1041, 132903
1042, 25227
1043, 20255
1044, 23384
1045, 20896
1046, 29963
1047, 54492
1048, 48397
1049, 30899
1050, 22635
1051, 14680
1052, 19374
1053, 17826
1054, 20684
1055, 17602
1056, 10799
1057, 14223
1058, 17432
1059, 20937
1060, 32278
1061, 37229
1062, 37897
1063, 27610
1064, 37849
1065, 34836
1066, 12198
1067, 31309
1068, 33087
1069, 12363
1070, 19060
1071, 54245
1072, 41194
1073, 23851
1074, 11501
1075, 20975
1076, 16015
1077, 16758
1078, 7046
1079, 11841
1080, 10742
1081, 11447
1082, 18715
1083, 19626
1084, 28072
1085, 25035
1086, 26253
1087, 18274
1088, 13128
1089, 17882
1090, 10368
1091, 8849
1092, 10295
1093, 8488
1094, 28311
1095, 43954
1096, 25141
1097, 18279
1098, 15528
1099, 13036
1100, 5744
1101, 9917
1102, 11436
1103, 13717
1104, 17803
1105, 26974
1106, 40572
1107, 38054
1108, 26811
1109, 29635
1110, 13408
1111, 16096
1112, 15827
1113, 29962
1114, 39238
1115, 16315
1116, 24590
1117, 9116
1118, 34058
1119, 76663
1120, 57205
1121, 40448
1122, 16694
1123, 9868
1124, 12309
1125, 11304
1126, 8771
1127, 8040
1128, 7656
1129, 39119
1130, 35286
1131, 21416
1132, 23881
1133, 14547
1134, 17750
1135, 19958
1136, 21171
1137, 16022
1138, 14735
1139, 42084
1140, 17825
1141, 6121
1142, 18844
1143, 39407
1144, 36904
1145, 38747
1146, 9088
1147, 9014
1148, 11650
1149, 8289
1150, 12064
1151, 10200
1152, 11285
1153, 12672
1154, 10102
1155, 22425
1156, 17825
1157, 14897
1158, 13884
1159, 13848
1160, 11999
1161, 11490
1162, 9572
1163, 8739
1164, 13187
1165, 8660
1166, 25515
1167, 44541
1168, 43850
1169, 52491
1170, 15201
1171, 20068
1172, 12083
1173, 15364
1174, 94343
1175, 103864
1176, 12569
1177, 14046
1178, 10846
1179, 19581
1180, 21816
1181, 48493
1182, 42057
1183, 25047
1184, 35184
1185, 16595
1186, 12898
1187, 6806
1188, 122434
1189, 17359
1190, 32480
1191, 47537
1192, 47364
1193, 47113
1194, 22392
1195, 9311
1196, 17839
1197, 8582
1198, 5685
1199, 18916
1200, 8869
1201, 12296
1202, 6486
1203, 14181
1204, 14624
1205, 22660
1206, 13701
1207, 8503
1208, 7541
1209, 6240
1210, 7812
1211, 14669
1212, 9201
1213, 5204
1214, 30718
1215, 47095
1216, 43174
1217, 23344
1218, 23946
1219, 21365
1220, 8971
1221, 17048
1222, 14930
1223, 9108
1224, 7296
1225, 6914
1226, 13451
1227, 40300
1228, 39926
1229, 24507
1230, 41532
1231, 21631
1232, 24999
1233, 23395
1234, 6639
1235, 16441
1236, 11733
1237, 11312
1238, 21522
1239, 39896
1240, 42649
1241, 33592
1242, 44589
1243, 22837
1244, 16997
1245, 13606
1246, 7952
1247, 9226
1248, 22109
1249, 105122
1250, 125724
1251, 23652
1252, 37507
1253, 21896
1254, 15694
1255, 10655
1256, 8289
1257, 4804
1258, 7338
1259, 17674
1260, 7619
1261, 11088
1262, 24845
1263, 49327
1264, 29176
1265, 6127
1266, 15747
1267, 17157
1268, 6401
1269, 7064
1270, 7419
1271, 13449
1272, 16529
1273, 10470
1274, 12999
1275, 32001
1276, 21338
1277, 13244
1278, 20462
1279, 18486
1280, 37897
1281, 7590
1282, 28938
1283, 10941
1284, 9620
1285, 6605
1286, 27644
1287, 34128
1288, 39069
1289, 56754
1290, 12337
1291, 24620
1292, 9819
1293, 13254
1294, 18549
1295, 9683
1296, 9289
1297, 7587
1298, 6368
1299, 23118
1300, 27613
1301, 15884
1302, 22793
1303, 17138
1304, 19268
1305, 7072
1306, 10511
1307, 7446
1308, 9160
1309, 8656
1310, 27247
1311, 39185
1312, 31641
1313, 52905
1314, 11195
1315, 11109
1316, 5655
1317, 7581
1318, 8722
1319, 6409
1320, 6568
1321, 5286
1322, 8070
1323, 20743
1324, 27489
1325, 37034
1326, 19212
1327, 20135
1328, 7705
1329, 8186
1330, 7299
1331, 8798
1332, 9317
1333, 11973
1334, 20500
1335, 28935
1336, 45388
1337, 31673
1338, 8744
1339, 20208
1340, 5049
1341, 6682
1342, 8555
1343, 7296
1344, 9417
1345, 7362
1346, 6987
1347, 15007
1348, 18963
1349, 27126
1350, 10728
1351, 8435
1352, 10631
1353, 9414
1354, 10126
1355, 7791
1356, 16137
1357, 12713
1358, 42529
1359, 49569
1360, 39458
1361, 29198
1362, 9121
1363, 11336
1364, 4823
1365, 3403
1366, 5493
1367, 8107
1368, 7505
1369, 6435
1370, 26650
1371, 15950
1372, 23303
1373, 8833
1374, 6372
1375, 6711
1376, 7220
1377, 4380
1378, 6200
1379, 8786
1380, 10418
1381, 10373
1382, 23669
1383, 43715
1384, 28500
1385, 23860
1386, 17913
1387, 16061
1388, 19867
1389, 5445
1390, 5199
1391, 8332
1392, 6555
1393, 3206
1394, 6341
1395, 239364
1396, 18049
1397, 9605
1398, 8959
1399, 8055
1400, 16412
1401, 15820
1402, 8890
1403, 20930
1404, 26582
1405, 53442
1406, 42338
1407, 78119
1408, 61589
1409, 23215
1410, 13137
1411, 4079
1412, 4615
1413, 7697
1414, 3633
1415, 5241
1416, 5208
1417, 2224
1418, 4387
1419, 10993
1420, 11787
1421, 2140
1422, 5005
1423, 5472
1424, 5263
1425, 3478
1426, 4355
1427, 5748
1428, 7749
1429, 4706
1430, 19537
1431, 22699
1432, 18355
1433, 8948
1434, 3321
1435, 4341
1436, 2431
1437, 3534
1438, 13142
1439, 13864
1440, 12774
1441, 12695
1442, 12509
1443, 19901
1444, 24993
1445, 21194
1446, 8884
1447, 8702
1448, 14071
1449, 7249
1450, 6600
1451, 6110
1452, 4866
1453, 4883
1454, 16168
1455, 46805
1456, 42111
1457, 14731
1458, 5623
1459, 14490
1460, 3234
1461, 8242
1462, 4808
1463, 12801
1464, 8310
1465, 7712
1466, 11771
1467, 23546
1468, 25308
1469, 11713
1470, 12519
1471, 16801
1472, 17521
1473, 15761
1474, 15348
1475, 13653
1476, 10809
1477, 6132
1478, 23858
1479, 41148
1480, 45273
1481, 50412
1482, 9766
1483, 25479
1484, 10923
1485, 13245
1486, 5443
1487, 8360
1488, 5805
1489, 3115
1490, 9797
1491, 13324
1492, 9772
1493, 3689
1494, 5089
1495, 4307
1496, 16818
1497, 12030
1498, 4342
1499, 9494
1500, 11817
1501, 4756
1502, 8786
1503, 32454
1504, 33546
1505, 14632
1506, 17501
1507, 106422
1508, 4728
1509, 6759
1510, 6409
1511, 18208
1512, 7459
1513, 6927
1514, 7484
1515, 13712
1516, 13414
1517, 7380
1518, 6679
1519, 11117
1520, 11986
1521, 5377
1522, 8310
1523, 7413
1524, 10932
1525, 14187
1526, 36554
1527, 49971
1528, 28647
1529, 26039
1530, 6917
1531, 9198
1532, 9150
1533, 10415
1534, 12382
1535, 6798
1536, 6797
1537, 10119
1538, 11984
1539, 58371
1540, 55948
1541, 31729
1542, 33437
1543, 25663
1544, 40129
1545, 46645
1546, 37014
1547, 24908
1548, 25889
1549, 60739
1550, 32200
1551, 46555
1552, 27151
1553, 15638
1554, 17994
1555, 7154
1556, 7283
1557, 6474
1558, 4098
1559, 3584
1560, 3882
1561, 5705
1562, 18622
1563, 10508
1564, 12075
1565, 14769
1566, 9478
1567, 5768
1568, 8299
1569, 3680
1570, 3750
1571, 16664
1572, 22926
1573, 19235
1574, 22524
1575, 58913
1576, 17010
1577, 5841
1578, 2948
1579, 3800
1580, 5468
1581, 10135
1582, 4988
1583, 8700
1584, 3556
1585, 4012
1586, 7221
1587, 16956
1588, 10055
1589, 5639
1590, 3581
1591, 4916
1592, 6106
1593, 2396
1594, 3383
1595, 2994
1596, 4302
1597, 3085
1598, 19691
1599, 37638
1600, 62314
1601, 11492
1602, 5687
1603, 4144
1604, 10929
1605, 18569
1606, 14108
1607, 12185
1608, 11165
1609, 14860
1610, 17275
1611, 19567
1612, 23456
1613, 69709
1614, 26150
1615, 136735
1616, 57348
1617, 20377
1618, 56682
1619, 19133
1620, 80554
1621, 15517
1622, 31038
1623, 35137
1624, 20218
1625, 14350
1626, 3713
1627, 5611
1628, 5259
1629, 3479
1630, 6246
1631, 9717
1632, 6354
1633, 15493
1634, 8668
1635, 18964
1636, 17446
1637, 16873
1638, 11142
1639, 16282
1640, 10235
1641, 8645
1642, 8727
1643, 12905
1644, 14473
1645, 18894
1646, 33744
1647, 54519
1648, 34171
1649, 11792
1650, 5659
1651, 4016
1652, 6536
1653, 6513
1654, 5430
1655, 11968
1656, 6657
1657, 7570
1658, 8341
1659, 15576
1660, 14136
1661, 5902
1662, 6005
1663, 13582
1664, 9491
1665, 10231
1666, 9719
1667, 11625
1668, 19560
1669, 24204
1670, 24327
1671, 54681
1672, 45289
1673, 11247
1674, 10262
1675, 6307
1676, 11224
1677, 376401
1678, 991143
1679, 33389
1680, 14312
1681, 15708
1682, 12904
1683, 17625
1684, 20094
1685, 14845
1686, 7332
1687, 12185
1688, 8915
1689, 9100
1690, 7921
1691, 16184
1692, 16945
1693, 15232
1694, 32520
1695, 53718
1696, 42373
1697, 30304
1698, 11571
1699, 5711
1700, 6842
1701, 6733
1702, 4944
1703, 4515
1704, 9924
1705, 8518
1706, 11798
1707, 19717
1708, 17262
1709, 7054
1710, 9224
1711, 7485
1712, 8090
1713, 6997
1714, 9861
1715, 9108
1716, 12458
1717, 11190
1718, 23738
1719, 50729
1720, 43099
1721, 22853
1722, 5692
1723, 3455
1724, 4549
1725, 8924
1726, 10018
1727, 7398
1728, 6582
1729, 15910
1730, 63255
1731, 19383
1732, 17541
1733, 5910
1734, 6251
1735, 6825
1736, 9817
1737, 4835
1738, 13450
1739, 25987
1740, 32540
1741, 13648
1742, 16182
1743, 53374
1744, 41518
1745, 9627
1746, 5411
1747, 3463
1748, 4067
1749, 7224
1750, 11078
1751, 11957
1752, 38606
1753, 6649
1754, 6743
1755, 16571
1756, 27450
1757, 4325
1758, 5445
1759, 6104
1760, 4914
1761, 3588
1762, 16742
1763, 15979
1764, 17931
1765, 50639
1766, 14129
1767, 40968
1768, 14894
1769, 13667
1770, 7673
1771, 4344
1772, 4251
1773, 14228
1774, 14573
1775, 5946
1776, 4618
1777, 10380
1778, 9764
1779, 15288
1780, 19169
1781, 10196
1782, 6038
1783, 7361
1784, 5846
1785, 5963
1786, 3961
1787, 20101
1788, 23120
1789, 21578
1790, 27643
1791, 64691
1792, 47535
1793, 17421
1794, 7993
1795, 4786
1796, 2170
1797, 4684
1798, 7878
1799, 3381
1800, 6037
1801, 4165
1802, 5214
1803, 19315
1804, 12128
1805, 7204
1806, 4985
1807, 3995
1808, 8032
1809, 4626
1810, 12924
1811, 32443
1812, 16250
1813, 10038
1814, 37153
1815, 48645
1816, 44086
1817, 17537
1818, 2995
1819, 31975
1820, 43324
1821, 41210
1822, 8114
1823, 18771
1824, 6597
1825, 6382
1826, 9464
1827, 16198
1828, 12894
1829, 5985
1830, 9847
1831, 3611
1832, 4097
1833, 17835
1834, 14719
1835, 40349
1836, 35216
1837, 27394
1838, 26091
1839, 51393
1840, 26548
1841, 19637
1842, 5260
1843, 5019
1844, 5994
1845, 4739
1846, 8397
1847, 8987
1848, 3156
1849, 8991
1850, 7148
1851, 15967
1852, 10707
1853, 7080
1854, 6988
1855, 8405
1856, 7332
1857, 4906
1858, 17256
1859, 42363
1860, 31668
1861, 24375
1862, 44944
1863, 61567
1864, 51004
1865, 23132
1866, 22396
1867, 18234
1868, 22193
1869, 22054
1870, 29350
1871, 40795
1872, 21938
1873, 5602
1874, 8029
1875, 9789
1876, 9601
1877, 7862
1878, 9952
1879, 6817
1880, 5727
1881, 7593
1882, 4375
1883, 8199
1884, 23472
1885, 8190
1886, 9529
1887, 51199
1888, 31695
1889, 3185
1890, 2767
1891, 6692
1892, 7050
1893, 4159
1894, 5358
1895, 7371
1896, 4978
1897, 5818
1898, 6048
1899, 10893
1900, 10026
1901, 4455
1902, 4628
1903, 6313
1904, 5572
1905, 13422
1906, 8203
1907, 26329
1908, 30120
1909, 37934
1910, 78032
1911, 45408
1912, 29969
1913, 3646
1914, 3189
1915, 4748
1916, 9756
1917, 4325
1918, 13420
1919, 4615
1920, 5072
1921, 6448
1922, 4260
1923, 11999
1924, 12502
1925, 3111
1926, 2793
1927, 5909
1928, 5550
1929, 7022
1930, 8692
1931, 9656
1932, 6190
1933, 5547
1934, 20063
1935, 49290
1936, 19437
1937, 7977
1938, 12542
1939, 5437
1940, 7542
1941, 7569
1942, 4311
1943, 7238
1944, 8206
1945, 13444
1946, 38224
1947, 29472
1948, 17585
1949, 10933
1950, 2846
1951, 21224
1952, 19279
1953, 46702
1954, 7095
1955, 6248
1956, 2550
1957, 5680
1958, 13985
1959, 34875
1960, 38737
1961, 6709
1962, 9557
1963, 7593
1964, 4003
1965, 5338
1966, 8569
1967, 5914
1968, 4161
1969, 5121
1970, 4947
1971, 13400
1972, 16634
1973, 8970
1974, 28901
1975, 27720
1976, 27235
1977, 7248
1978, 4732
1979, 7275
1980, 5874
1981, 13672
1982, 25300
1983, 43567
1984, 31131
1985, 51766
1986, 17269
1987, 29759
1988, 6635
1989, 4647
1990, 4518
1991, 7164
1992, 4003
1993, 4486
1994, 8699
1995, 7727
1996, 37811
1997, 17996
1998, 9064
1999, 22950
2000, 10863
2001, 12111
2002, 21101
2003, 8125
2004, 9042
2005, 9978
2006, 20047
2007, 44940
2008, 38108
2009, 27721
2010, 8560
2011, 9269
2012, 8566
2013, 5592
2014, 7769
2015, 6866
2016, 11395
2017, 17179
2018, 32752
2019, 17799
2020, 16980
2021, 7094
2022, 8538
2023, 23843
2024, 27595
2025, 12333
2026, 8396
2027, 6538
2028, 9739
2029, 11274
2030, 30392
2031, 68921
2032, 28889
2033, 6092
2034, 5998
2035, 7463
2036, 6238
2037, 5015
2038, 5344
2039, 7388
2040, 37574
2041, 27369
2042, 16371
2043, 20282
2044, 18252
2045, 7106
2046, 9355
2047, 11909
2048, 10052
2049, 4157
2050, 4805
2051, 4196
2052, 7444
2053, 28801
2054, 31206
2055, 36707
2056, 26725
2057, 19143
2058, 5346
2059, 8595
2060, 24514
2061, 58452
2062, 20433
2063, 7155
2064, 10205
2065, 5999
2066, 6614
2067, 10242
2068, 10021
2069, 2218
2070, 3628
2071, 5068
2072, 4956
2073, 3046
2074, 12279
2075, 13816
2076, 32134
2077, 2063
2078, 16066
2079, 48171
2080, 23682
2081, 3809
2082, 9179
2083, 43745
2084, 9376
2085, 33946
2086, 2581
2087, 3482
2088, 2420
2089, 1786
2090, 2904
2091, 9680
2092, 11668
2093, 3376
2094, 6725
2095, 8849
2096, 6425
2097, 5535
2098, 5266
2099, 5130
2100, 4341
2101, 3168
2102, 13775
2103, 40482
2104, 17132
2105, 5639
2106, 3432
2107, 3461
2108, 4858
2109, 3066
2110, 5755
2111, 7194
2112, 5026
2113, 3946
2114, 7574
2115, 10458
2116, 9546
2117, 3081
2118, 3340
2119, 3431
2120, 6904
2121, 3059
2122, 8162
2123, 2451
2124, 4628
2125, 4244
2126, 4483
2127, 11797
2128, 15085
2129, 3363
2130, 6399
2131, 3173
2132, 5809
2133, 2905
2134, 4824
2135, 4617
2136, 3288
2137, 2217
2138, 2376
2139, 10080
2140, 10441
2141, 3272
2142, 3303
2143, 4006
2144, 2827
2145, 3038
2146, 8947
2147, 2652
2148, 2038
2149, 1796
2150, 2541
2151, 9780
2152, 10661
2153, 5119
2154, 3109
2155, 2159
2156, 3187
2157, 3993
2158, 3991
2159, 3302
2160, 2552
2161, 1880
2162, 3543
2163, 9637
2164, 7492
2165, 2954
2166, 3602
2167, 3347
2168, 3752
2169, 4306
2170, 7515
2171, 2573
2172, 10832
2173, 8220
2174, 18774
2175, 43746
2176, 35825
2177, 7159
2178, 3341
2179, 4212
2180, 2118
2181, 3386
2182, 2443
2183, 3987
2184, 6012
2185, 8353
2186, 4644
2187, 9675
2188, 10637
2189, 4699
2190, 7646
2191, 7601
2192, 5700
2193, 7691
2194, 4227
2195, 7819
2196, 5138
2197, 6955
2198, 20436
2199, 42309
2200, 30205
2201, 2464
2202, 2621
2203, 2571
2204, 4110
2205, 3307
2206, 14559
2207, 4785
2208, 4070
2209, 8995
2210, 4132
2211, 12141
2212, 12948
2213, 6283
2214, 5438
2215, 5260
2216, 5831
2217, 3586
2218, 3703
2219, 3376
2220, 5742
2221, 4623
2222, 26682
2223, 39792
2224, 33227
2225, 10631
2226, 2230
2227, 2386
2228, 37289
2229, 16369
2230, 1718
2231, 5469
2232, 2018
2233, 1884
2234, 4601
2235, 9522
2236, 11178
2237, 33069
2238, 5510
2239, 5937
2240, 6334
2241, 4785
2242, 8101
2243, 23513
2244, 26451
2245, 6291
2246, 20100
2247, 47244
2248, 19877
2249, 6137
2250, 3267
2251, 22455
2252, 3519
2253, 6472
2254, 3091
2255, 6668
2256, 2715
2257, 2509
2258, 2873
2259, 9172
2260, 10379
2261, 2697
2262, 5494
2263, 3189
2264, 4901
2265, 4238
2266, 4550
2267, 4462
2268, 2636
2269, 3340
2270, 22783
2271, 38374
2272, 15939
2273, 2407
2274, 3108
2275, 6262
2276, 9119
2277, 81651
2278, 13652
2279, 16755
2280, 17537
2281, 5006
2282, 3075
2283, 7985
2284, 9443
2285, 3344
2286, 8834
2287, 273866
2288, 69727
2289, 4830
2290, 3877
2291, 2371
2292, 3781
2293, 3913
2294, 6150
2295, 12212
2296, 19113
2297, 3060
2298, 3120
2299, 450547
2300, 489590
2301, 448161
2302, 338793
2303, 374266
2304, 692989
2305, 649913
2306, 805661
2307, 919595
2308, 899382
2309, 819385
2310, 912632
2311, 949099
2312, 1193876
2313, 1056211
2314, 1003960
2315, 971713
2316, 658561
2317, 701621
2318, 816214
2319, 771654
2320, 152626
2321, 34246
2322, 2080
2323, 155565
2324, 893985
2325, 102315
2326, 11352
2327, 13656
2328, 14455
2329, 5656
2330, 6054
2331, 16835
2332, 25388
2333, 27723
2334, 32660
2335, 17952
2336, 7787
2337, 4331
2338, 5256
2339, 8852
2340, 12943
2341, 8541
2342, 22558
2343, 29656
2344, 45088
2345, 19090
2346, 4902
2347, 5028
2348, 8148
2349, 5947
2350, 6894
2351, 10510
2352, 4611
2353, 4581
2354, 4354
2355, 12025
2356, 16311
2357, 13247
2358, 15284
2359, 10925
2360, 3930
2361, 2221
2362, 2107
2363, 3360
2364, 5285
2365, 5569
2366, 15094
2367, 24634
2368, 20647
2369, 3772
2370, 3284
2371, 5542
2372, 4730
2373, 2702
2374, 2973
2375, 11024
2376, 8366
2377, 3984
2378, 6497
2379, 10012
2380, 13588
2381, 12289
2382, 10523
2383, 6146
2384, 2801
2385, 1156
2386, 1432
2387, 3264
2388, 1224
2389, 1284
2390, 3576
2391, 8955
2392, 10469
2393, 2564
2394, 1654
2395, 1908
2396, 2630
2397, 1017
2398, 2035
2399, 2735
2400, 2240
2401, 2723
2402, 3081
2403, 9350
2404, 12469
2405, 27355
2406, 11859
2407, 3541
2408, 2298
2409, 1351
2410, 2508
2411, 2794
2412, 1649
2413, 1887
2414, 3209
2415, 12945
2416, 8289
2417, 1868
2418, 1710
2419, 1809
2420, 1368
2421, 1577
2422, 1536
2423, 3378
2424, 2272
2425, 1607
2426, 1657
2427, 7853
2428, 11775
2429, 21525
2430, 3073
2431, 2332
2432, 4348
2433, 1206
2434, 1557
2435, 2028
2436, 1687
2437, 1477
2438, 3062
2439, 11692
2440, 10588
2441, 2128
2442, 1408
2443, 2207
2444, 2999
2445, 2119
2446, 1779
2447, 2689
2448, 1665
2449, 5732
2450, 9557
2451, 8893
2452, 11175
2453, 19809
2454, 18296
2455, 2074
2456, 2192
2457, 2131
2458, 2587
2459, 2552
2460, 4310
2461, 3192
2462, 22016
2463, 16413
2464, 25785
2465, 4445
2466, 1268
2467, 2076
2468, 2209
2469, 2897
2470, 2850
2471, 3327
2472, 1881
2473, 2937
2474, 2258
2475, 9878
2476, 12609
2477, 9358
2478, 4845
2479, 2196
2480, 2281
2481, 1304
2482, 1696
2483, 1396
2484, 978
2485, 943
2486, 3399
2487, 17456
2488, 17580
2489, 9440
2490, 1722
2491, 3086
2492, 2117
2493, 1551
2494, 1574
2495, 2093
2496, 1674
2497, 1674
2498, 2002
2499, 8970
2500, 11000
2501, 11197
2502, 5468
2503, 1389
2504, 2198
2505, 1394
2506, 1672
2507, 2092
2508, 3039
2509, 2344
2510, 5271
2511, 20560
2512, 21945
2513, 101934
2514, 3561
2515, 4444
2516, 2535
2517, 10994
2518, 6337
2519, 2802
2520, 3833
2521, 9736
2522, 2587
2523, 16949
2524, 18983
2525, 11477
2526, 8930
2527, 3409
2528, 2478
2529, 3244
2530, 1347
2531, 2492
2532, 75911
2533, 6233
2534, 7664
2535, 23429
2536, 33924
2537, 33396
2538, 2300
2539, 2589
2540, 13030
2541, 17786
2542, 18350
2543, 6229
2544, 2305
2545, 2536
2546, 2479
2547, 7294
2548, 8762
2549, 1185
2550, 1097
2551, 2016
2552, 2301
2553, 2846
2554, 1888
2555, 1860
2556, 1955
2557, 1706
2558, 8091
2559, 123031
2560, 32920
2561, 6896
2562, 917
2563, 1293
2564, 1242
2565, 1234
2566, 1134
2567, 1126
2568, 1026
2569, 719
2570, 1940
2571, 6991
2572, 7471
2573, 1412
2574, 1568
2575, 1877
2576, 3453
2577, 1743
2578, 1950
2579, 2523
2580, 15967
2581, 1985
2582, 6598
2583, 23720
2584, 10667
2585, 1705
2586, 1438
2587, 1381
2588, 1350
2589, 1331
2590, 1953
2591, 1682
2592, 1014
2593, 1084
2594, 1421
2595, 7208
2596, 7762
2597, 1381
2598, 1220
2599, 3225
2600, 3097
2601, 2133
2602, 2487
2603, 2434
2604, 2195
2605, 1401
2606, 3662
2607, 16542
2608, 20484
2609, 1781
2610, 1239
2611, 2060
2612, 2472
2613, 3288
2614, 2280
2615, 24891
2616, 1088
2617, 1385
2618, 11818
2619, 41364
2620, 9038
2621, 8383
2622, 4877
2623, 2309
2624, 3774
2625, 15612
2626, 3321
2627, 24251
2628, 14172
2629, 729
2630, 2567
2631, 9379
2632, 24258
2633, 7170
2634, 1206
2635, 2556
2636, 4240
2637, 1666
2638, 2090
2639, 7424
2640, 3370
2641, 830
2642, 1777
2643, 9095
2644, 5660
2645, 2172
2646, 1432
2647, 2024
2648, 1914
2649, 1063
2650, 1393
2651, 1735
2652, 2123
2653, 2131
2654, 3074
2655, 11957
2656, 12512
2657, 1978
2658, 1835
2659, 2051
2660, 1024
2661, 1284
2662, 1286
2663, 2498
2664, 5663
2665, 1363
2666, 2108
2667, 9037
2668, 5487
2669, 2045
2670, 1568
2671, 2507
2672, 2237
2673, 1425
2674, 1367
2675, 1394
2676, 984
2677, 846
2678, 2578
2679, 20138
2680, 12896
2681, 10572
2682, 1652
2683, 1227
2684, 1355
2685, 1250
2686, 1592
2687, 2282
2688, 1498
2689, 2061
2690, 8675
2691, 9481
2692, 5465
2693, 3243
2694, 1852
2695, 1974
2696, 2311
2697, 2157
2698, 1837
2699, 1749
2700, 1925
2701, 1385
2702, 4114
2703, 17805
2704, 22672
2705, 1721
2706, 1932
2707, 1822
2708, 2320
2709, 1515
2710, 2040
2711, 1995
2712, 2148
2713, 1435
2714, 2761
2715, 7874
2716, 7155
2717, 1963
2718, 1335
2719, 2947
2720, 3308
2721, 2143
2722, 2776
2723, 2375
2724, 1892
2725, 1129
2726, 14008
2727, 29965
2728, 20871
2729, 13714
2730, 1472
2731, 1906
2732, 2123
2733, 4846
2734, 8980
2735, 2181
2736, 1700
2737, 5301
2738, 1378
2739, 7966
2740, 7124
2741, 1559
2742, 1790
2743, 2152
2744, 2115
2745, 3483
2746, 1700
2747, 3494
2748, 12171
2749, 11253
2750, 7242
2751, 40385
2752, 35403
2753, 11045
2754, 6734
2755, 5827
2756, 5638
2757, 4442
2758, 3157
2759, 7730
2760, 6882
2761, 6570
2762, 5297
2763, 8436
2764, 7940
2765, 1764
2766, 1410
2767, 1843
2768, 1985
2769, 1025
2770, 1019
2771, 1295
2772, 4345
2773, 2152
2774, 9102
2775, 44662
2776, 29012
2777, 4578
2778, 1507
2779, 5944
2780, 7719
2781, 10000
2782, 7304
2783, 6199
2784, 5560
2785, 6184
2786, 7743
2787, 17439
2788, 11371
2789, 6631
2790, 5803
2791, 7585
2792, 5403
2793, 4746
2794, 3835
2795, 4207
2796, 6973
2797, 4615
2798, 22858
2799, 31444
2800, 20095
2801, 3955
2802, 2986
2803, 7457
2804, 11219
2805, 4597
2806, 6185
2807, 14586
2808, 12344
2809, 1626
2810, 3497
2811, 10595
2812, 7712
2813, 7035
2814, 8086
2815, 1934
2816, 1966
2817, 1251
2818, 1169
2819, 4155
2820, 2208
2821, 827
2822, 20615
2823, 49766
2824, 38137
2825, 4607
2826, 3339
2827, 4398
2828, 1393
2829, 4073
2830, 1647
2831, 3822
2832, 1748
2833, 2399
2834, 3319
2835, 11250
2836, 5327
2837, 2522
2838, 2261
2839, 2832
2840, 25725
2841, 4465
2842, 2900
2843, 5464
2844, 9762
2845, 6102
2846, 21033
2847, 44810
2848, 41157
2849, 12328
2850, 3030
2851, 2239
2852, 3090
2853, 2559
2854, 156631
2855, 261178
2856, 596320
2857, 602027
2858, 611453
2859, 296435
2860, 334752
2861, 257528
2862, 267480
2863, 351647
2864, 493976
2865, 446379
2866, 327967
2867, 445634
2868, 437405
2869, 558632
2870, 405053
2871, 481371
2872, 376058
2873, 400005
2874, 376622
2875, 202348
2876, 138943
2877, 424222
2878, 319758
2879, 210244
2880, 112711
2881, 41840
2882, 120930
2883, 104113
2884, 12796
2885, 6074
2886, 3255
2887, 3853
2888, 4217
2889, 4658
2890, 5807
2891, 3407
2892, 2640
2893, 2454
2894, 5186
2895, 13462
2896, 39881
2897, 5638
2898, 4056
2899, 4315
2900, 8612
2901, 9232
2902, 7177
2903, 5202
2904, 5806
2905, 4780
2906, 5904
2907, 4643
2908, 9259
2909, 8590
2910, 2804
2911, 28064
2912, 4715
2913, 2338
2914, 1508
2915, 225758
2916, 4022
2917, 1875
2918, 4204
2919, 13782
2920, 9404
2921, 3343
2922, 3218
2923, 2077
2924, 2869
2925, 3721
2926, 4739
2927, 27412
2928, 4841
2929, 2354
2930, 3532
2931, 8869
2932, 8853
2933, 2633
2934, 2577
2935, 2285
2936, 2950
2937, 41817
2938, 15690
2939, 1627
2940, 26964
2941, 4999
2942, 10228
2943, 51141
2944, 33462
2945, 6474
2946, 3998
2947, 4686
2948, 9274
2949, 15973
2950, 14536
2951, 36373
2952, 28706
2953, 20045
2954, 7417
2955, 9519
2956, 23646
2957, 49217
2958, 7000
2959, 2317
2960, 2483
2961, 22494
2962, 6449
2963, 5411
2964, 2499
2965, 3379
2966, 45394
2967, 71755
2968, 43702
2969, 31419
2970, 28581
2971, 39859
2972, 19072
2973, 4806
2974, 7428
2975, 9123
2976, 42236
2977, 47451
2978, 44114
2979, 8918
2980, 7823
2981, 3792
2982, 2457
2983, 2278
2984, 2294
2985, 1985
2986, 5330
2987, 6292
2988, 4068
2989, 2345
2990, 44429
2991, 70992
2992, 38828
2993, 24116
2994, 2303
2995, 8184
2996, 4645
2997, 2587
2998, 1993
2999, 6367
3000, 3389
3001, 1733
3002, 3367
3003, 10404
3004, 7196
3005, 41846
3006, 22641
3007, 2057
3008, 3430
3009, 1038
3010, 1130
3011, 2241
3012, 24102
3013, 4495
3014, 16049
3015, 46746
3016, 48115
3017, 30115
3018, 1208
3019, 1339
3020, 2360
3021, 43333
3022, 23676
3023, 4419
3024, 3872
3025, 4376
3026, 5283
3027, 16099
3028, 12161
3029, 3399
3030, 2320
3031, 2032
3032, 2402
3033, 4667
3034, 38803
3035, 21942
3036, 2383
3037, 3166
3038, 8581
3039, 41199
3040, 22083
3041, 2175
3042, 4439
3043, 1630
3044, 27635
3045, 40699
3046, 38921
3047, 6441
3048, 9011
3049, 6343
3050, 14703
3051, 9854
3052, 11377
3053, 5061
3054, 2216
3055, 2876
3056, 3604
3057, 2923
3058, 5431
3059, 5063
3060, 7266
3061, 12271
3062, 38972
3063, 39212
3064, 55155
3065, 22446
3066, 74023
3067, 104571
3068, 2609
3069, 93566
3070, 28926
3071, 2327
3072, 3198
3073, 10270
3074, 1755
3075, 8291
3076, 9611
3077, 1667
3078, 1918
3079, 2210
3080, 2189
3081, 1542
3082, 1597
3083, 8546
3084, 18321
3085, 6627
3086, 11044
3087, 39028
3088, 13909
3089, 17751
3090, 855
3091, 1300
3092, 2161
3093, 1794
3094, 2398
3095, 2354
3096, 2339
3097, 38666
3098, 2180
3099, 7861
3100, 8832
3101, 3032
3102, 1526
3103, 2739
3104, 52103
3105, 1526
3106, 1445
3107, 1840
3108, 1221
3109, 2162
3110, 5127
3111, 41263
3112, 14849
3113, 3007
3114, 1371
3115, 5249
3116, 3006
3117, 2808
3118, 1190
3119, 2629
3120, 3273
3121, 4611
3122, 6399
3123, 10996
3124, 14630
3125, 7513
3126, 2063
3127, 4172
3128, 1888
3129, 4006
3130, 5110
3131, 6231
3132, 3733
3133, 1723
3134, 16990
3135, 42811
3136, 23879
3137, 22707
3138, 49724
3139, 6603
3140, 1002
3141, 760
3142, 442
3143, 1437
3144, 1151
3145, 840
3146, 2263
3147, 8763
3148, 6678
3149, 3588
3150, 1700
3151, 935
3152, 1222
3153, 1570
3154, 1376
3155, 1823
3156, 8944
3157, 4448
3158, 17547
3159, 44048
3160, 26775
3161, 29771
3162, 14661
3163, 2423
3164, 4566
3165, 5718
3166, 3391
3167, 2216
3168, 3810
3169, 2882
3170, 2379
3171, 10010
3172, 12578
3173, 7217
3174, 4633
3175, 2711
3176, 2725
3177, 2152
3178, 2356
3179, 3637
3180, 3165
3181, 4147
3182, 10124
3183, 36011
3184, 23296
3185, 17763
3186, 2420
3187, 2283
3188, 1023
3189, 1273
3190, 2679
3191, 2230
3192, 1960
3193, 1576
3194, 932
3195, 8034
3196, 4664
3197, 817
3198, 8412
3199, 795
3200, 1124
3201, 509
3202, 838
3203, 1169
3204, 1382
3205, 1179
3206, 16156
3207, 43815
3208, 21525
3209, 37436
3210, 22474
3211, 3539
3212, 1456
3213, 1012
3214, 2229
3215, 1923
3216, 2750
3217, 7378
3218, 1404
3219, 20086
3220, 1919
3221, 3203
3222, 2462
3223, 5972
3224, 993
3225, 8553
3226, 760
3227, 555
3228, 1273
3229, 1344
3230, 14384
3231, 26092
3232, 62553
3233, 23741
3234, 3688
3235, 685
3236, 1026
3237, 806
3238, 3516
3239, 943
3240, 1385
3241, 5903
3242, 3082
3243, 1109
3244, 2289
3245, 1594
3246, 2012
3247, 1660
3248, 860
3249, 1124
3250, 602
3251, 3121
3252, 26014
3253, 3490
3254, 8618
3255, 48750
3256, 34606
3257, 5569
3258, 640
3259, 349
3260, 590
3261, 1153
3262, 2683
3263, 1140
3264, 1597
3265, 1290
3266, 784
3267, 691
3268, 1214
3269, 1554
3270, 1072
3271, 1540
3272, 2441
3273, 1122
3274, 955
3275, 1864
3276, 758
3277, 561
3278, 4681
3279, 30395
3280, 17366
3281, 4571
3282, 1099
3283, 679
3284, 523
3285, 541
3286, 578
3287, 829
3288, 1311
3289, 490
3290, 763
3291, 1325
3292, 1305
3293, 834
3294, 716
3295, 716
3296, 873
3297, 746
3298, 994
3299, 741
3300, 775
3301, 652
3302, 15197
3303, 35970
3304, 25713
3305, 2853
3306, 1295
3307, 1312
3308, 1225
3309, 1741
3310, 604
3311, 961
3312, 998
3313, 3680
3314, 26266
3315, 40526
3316, 16347
3317, 398
3318, 16228
3319, 594
3320, 8001
3321, 277
3322, 16627
3323, 921
3324, 786
3325, 419
3326, 642
3327, 9487
3328, 17042
3329, 23205
3330, 918
3331, 323
3332, 764
3333, 865
3334, 969
3335, 555
3336, 1173
3337, 548
3338, 952
3339, 784
3340, 621
3341, 626
3342, 1597
3343, 1765
3344, 1401
3345, 1139
3346, 3016
3347, 3264
3348, 6583
3349, 9896
3350, 15521
3351, 25264
3352, 18701
3353, 21056
3354, 527
3355, 9341
3356, 283
3357, 2765
3358, 2280
3359, 975
3360, 1144
3361, 7859
3362, 6076
3363, 1524
3364, 1499
3365, 1566
3366, 595
3367, 368
3368, 806
3369, 1904
3370, 1493
3371, 4400
3372, 6782
3373, 4618
3374, 24199
3375, 38160
3376, 15169
3377, 8893
3378, 677
3379, 992
3380, 2664
3381, 985
3382, 4040
3383, 7083
3384, 11645
3385, 1650
3386, 7526
3387, 5655
3388, 17780
3389, 1117
3390, 1794
3391, 499
3392, 617
3393, 555
3394, 449
3395, 3330
3396, 3036
3397, 828
3398, 17625
3399, 30896
3400, 18099
3401, 12753
3402, 4842
3403, 372
3404, 1412
3405, 2508
3406, 1215
3407, 1280
3408, 1387
3409, 1579
3410, 1171
3411, 1502
3412, 1429
3413, 1075
3414, 1035
3415, 1121
3416, 654
3417, 524
3418, 924
3419, 10369
3420, 27700
3421, 7908
3422, 9899
3423, 33084
3424, 18938
3425, 3006
3426, 3105
3427, 1924
3428, 1001
3429, 1402
3430, 5450
3431, 1379
3432, 8664
3433, 1301
3434, 1765
3435, 1571
3436, 1628
3437, 1954
3438, 2925
3439, 2176
3440, 1323
3441, 1055
3442, 1068
3443, 586
3444, 2455
3445, 952
3446, 15144
3447, 19912
3448, 19934
3449, 5540
3450, 17801
3451, 5124
3452, 1381
3453, 1556
3454, 1427
3455, 601
3456, 1916
3457, 519
3458, 946
3459, 849
3460, 1505
3461, 9340
3462, 5485
3463, 1913
3464, 1326
3465, 495
3466, 1115
3467, 429
3468, 2276
3469, 307
3470, 18072
3471, 32191
3472, 17370
3473, 26662
3474, 7965
3475, 720
3476, 6278
3477, 921
3478, 4396
3479, 1541
3480, 64
3481, 649
3482, 3364
3483, 76700
3484, 41828
3485, 245
3486, 50
3487, 276
3488, 390
3489, 191
3490, 526
3491, 1325
3492, 397
3493, 689
3494, 12413
3495, 20038
3496, 6698
3497, 29881
3498, 1530
3499, 205
3500, 28
3501, 252
3502, 997
3503, 68
3504, 37490
3505, 22410
3506, 45491
3507, 48344
3508, 12442
3509, 103
3510, 17
3511, 1
3512, 7
3513, 210
3514, 86
3515, 6530
3517, 7072
3518, 12376
3519, 10015
3520, 12064
3521, 8338
3522, 468
3523, 48
3524, 7577
3525, 12204
3526, 767
3527, 1609
3528, 60
3529, 1930
3530, 4531
3531, 13276
3532, 483
3533, 2198
3534, 923
3535, 809
3536, 2
3537, 466
3538, 614
3539, 7999
3540, 1709
3541, 348
3542, 13182
3543, 20287
3544, 44350
3545, 30661
3546, 897
3547, 13475
3548, 9454
3549, 379
3550, 276
3551, 520
3552, 510
3553, 345
3554, 8912
3555, 596
3556, 2603
3557, 2098
3558, 1101
3559, 1333
3560, 305
3561, 766
3562, 439
3563, 3018
3564, 320
3565, 128
3566, 16321
3567, 24165
3568, 2914
3569, 7464
3570, 16133
3571, 350
3572, 306
3573, 425
3574, 327
3575, 337
3576, 979
3577, 1022
3578, 551
3579, 813
3580, 1025
3581, 1218
3582, 920
3583, 863
3584, 701
3585, 475
3586, 376
3587, 8495
3588, 18582
3589, 3411
3590, 3241
3591, 30703
3592, 11204
3593, 33
3594, 209
3595, 92
3596, 224
3597, 218
3598, 179
3599, 11
3600, 139
3601, 11
3602, 99
3603, 19
3604, 19
3605, 5433
3606, 25
3607, 19
3608, 264
3609, 739
3610, 289
3611, 7103
3612, 600
3613, 463
3614, 5798
3615, 26910
3616, 20741
3617, 1006
3618, 81
3619, 2356
3620, 21576
3621, 2179
3622, 4096
3623, 966
3624, 11347
3625, 2397
3626, 2045
3627, 26254
3628, 16758
3629, 4100
3630, 4843
3631, 1349
3632, 42
3633, 471
3634, 2454
3635, 7127
3636, 6676
3637, 3905
3638, 19756
3639, 28033
3640, 23549
3641, 25294
3642, 470
3643, 617
3644, 266
3645, 179
3646, 167
3647, 513
3648, 597
3649, 722
3650, 14595
3651, 53
3652, 2928
3653, 1667
3654, 3015
3655, 1458
3656, 3629
3657, 3097
3658, 1015
3659, 3222
3660, 636
3661, 419
3662, 4974
3663, 27301
3664, 9027
3665, 4564
3666, 5858
3667, 70
3668, 9977
3669, 10455
3670, 7683
3671, 148
3672, 19009
3673, 25696
3674, 46116
3675, 19066
3676, 6813
3677, 5027
3678, 441
3679, 4222
3680, 107
3681, 1280
3682, 291
3683, 6208
3684, 3182
3685, 6465
3686, 13499
3687, 33509
3688, 21199
3689, 24827
3690, 175
3692, 2108
3693, 180
3694, 224
3695, 194
3696, 1243
3697, 300
3698, 1225
3699, 973
3700, 232
3701, 518
3702, 460
3703, 146
3704, 275
3705, 42
3706, 590
3707, 1843
3708, 3760
3709, 78
3710, 14443
3711, 32462
3712, 5454
3713, 23889
3714, 144
3715, 135
3716, 703
3717, 651
3718, 6330
3719, 354
3720, 431
3721, 927
3722, 54
3723, 104
3724, 160
3725, 630
3726, 164
3727, 292
3728, 98
3729, 705
3730, 1164
3731, 1408
3732, 394
3733, 429
3734, 17142
3735, 28857
3736, 24041
3737, 528
3738, 224
3739, 287
3740, 68
3741, 570
3742, 151
3743, 359
3744, 350
3745, 297
3746, 347
3747, 73
3748, 73
3749, 375
3750, 1071
3751, 457
3752, 157
3753, 362
3754, 215
3755, 51575
3756, 16740
3757, 233
3758, 128
3759, 23351
3760, 14244
3761, 46
3762, 23
3763, 590
3764, 377
3765, 107
3766, 418
3767, 27
3768, 53
3769, 300
3770, 180
3771, 472
3772, 1096
3773, 597
3774, 297
3775, 563
3776, 373
3777, 2439
3778, 481
3779, 1687
3780, 550
3781, 431
3782, 8301
3783, 28770
3784, 9531
3785, 176
3786, 67
3787, 341
3788, 2445
3789, 8098
3790, 429
3791, 62
3792, 126
3793, 364
3794, 1210
3795, 201
3796, 277
3797, 371
3798, 346
3799, 650
3800, 4979
3801, 291
3802, 647
3803, 18786
3804, 7866
3805, 147
3806, 20909
3807, 24816
3808, 26307
3809, 26286
3810, 4477
3811, 307
3812, 923
3813, 2244
3814, 7783
3815, 8518
3816, 9314
3817, 29248
3818, 2124
3819, 1579
3820, 765
3821, 166
3822, 143
3823, 398
3824, 315
3825, 936
3826, 382
3827, 341
3828, 1267
3829, 264
3830, 15830
3831, 25089
3832, 24082
3833, 23536
3834, 10353
3835, 795
3836, 273
3837, 178
3838, 149
3839, 629
3840, 178
3841, 588
3842, 268
3843, 1480
3844, 3688
3845, 5543
3846, 256
3847, 106
3848, 556
3849, 199
3850, 120
3851, 1663
3852, 2119
3853, 5520
3854, 14379
3855, 32132
3856, 40263
3857, 23339
3858, 2236
3859, 870
3860, 1172
3861, 4485
3862, 1012
3863, 2161
3864, 291
3865, 3197
3866, 844
3867, 2423
3868, 29459
3869, 19797
3870, 6928
3871, 9765
3872, 831
3873, 13009
3874, 642
3875, 3138
3876, 1111
3877, 411
3878, 839
3879, 9856
3880, 16958
3881, 7723
3882, 64
3883, 131
3884, 253
3885, 17794
3886, 33849
3887, 7692
3888, 8176
3889, 73
3890, 141
3891, 372
3892, 1284
3899, 179
3923, 9779
3947, 220
3951, 568
3953, 50
3955, 2
3958, 10
3960, 28
3961, 94
3962, 6103
3963, 24
3964, 2
3971, 558
3972, 503
3973, 414
3974, 880
3975, 616
3976, 872
3977, 380
3978, 25
3979, 236
3980, 2572
3981, 2126
3983, 1249
3984, 1064
3985, 1
3986, 2923
3987, 184
3989, 4911
4004, 10
4005, 678
4006, 764
4024, 1
4035, 10
4082, 10
4143, 100
4156, 2397
4176, 2
4186, 2
4216, 14
4224, 8
4225, 12
4226, 8
4227, 2
4228, 10
4235, 1
4242, 2
4251, 4
4253, 15
4256, 12
4258, 6
4259, 1
4260, 1
4261, 1
4262, 1
4263, 1
4266, 14
4270, 6
4277, 12
4279, 55
4282, 2
4298, 77
4299, 12
4300, 26
4303, 28
4304, 2
4311, 1227
4319, 44
4321, 96
4322, 47
4323, 47
4324, 49
4325, 45
4326, 44
4327, 44
4348, 4
4350, 4
4365, 2
4369, 18
4370, 22
4380, 2044
4409, 44
4410, 44
4414, 67
4415, 1
4416, 114
4417, 172
4418, 505
4419, 624
4420, 349
4421, 90
4422, 10
4424, 1
4430, 3
4431, 49
4432, 431
4434, 3
4436, 43
4437, 443
4438, 155
4439, 4
4442, 17
4443, 50
4444, 46
4448, 1
4449, 4
4450, 8
4455, 28
4466, 28
4467, 27
4468, 164
4487, 29
4488, 61
4489, 20
4493, 54
4496, 2
4513, 38
4514, 40
4524, 12
4526, 12
4527, 12
4528, 4
4532, 20
4535, 16
4536, 10
4544, 1
4577, 2
4578, 12
4579, 12
4580, 2
4581, 10
4595, 28
4596, 28
4598, 79
4599, 1410
4600, 223
4602, 10
4604, 2
4605, 1710
4606, 287
4607, 356
4608, 2
4609, 2
4611, 10
4631, 30
4632, 92
4633, 196
4634, 164
4635, 62
4636, 134
4639, 4
4640, 8
4655, 293
4656, 1718
4657, 718
4658, 158
4659, 30
4660, 46
4661, 64
4662, 2972
4663, 446
4664, 426
4666, 14
4670, 10
4678, 54
4683, 10
4684, 44
4685, 51
4686, 2
4694, 10
4696, 193942
4697, 15943
4698, 220201
4699, 115522
4700, 15579
4704, 28
4705, 9362
4706, 15314
4707, 38604
4708, 45960
4709, 64093
4710, 124590
4711, 11121
4712, 6648
4713, 14531
4714, 1256
4715, 8659
4716, 6478
4717, 5477
4718, 720
4719, 1716
4720, 1614
4721, 1719
4722, 7978
4723, 8487
4724, 11556
4725, 12362
4726, 8492
4727, 4264
4728, 7075
4729, 8220
4730, 7048
4731, 8
4732, 103
4733, 20
4734, 59
4735, 323
4736, 3012
4737, 60
4738, 34
4739, 38
4741, 435
4742, 40
4754, 376
4766, 2
4769, 376
4776, 30
4777, 32
4779, 31
4783, 1
4785, 376
4793, 10
4798, 376
4807, 28751
4808, 14392
4809, 329
4813, 266
4814, 2116
4815, 4643
4816, 1525
4817, 5217
4818, 2377
4819, 3742
4820, 4018
4821, 4129
4822, 1351
4823, 4621
4824, 2003
4825, 3031
4826, 2030
4827, 4161
4828, 6719
4829, 3452
4830, 14420
4831, 23123
4832, 35843
4833, 4967
4834, 7437
4835, 155
4836, 240
4837, 763
4838, 2630
4839, 370
4840, 1859
4841, 1645
4842, 914
4843, 1751
4844, 8588
4845, 1383
4846, 2485
4847, 7295
4848, 954
4849, 2608
4850, 177
4851, 17194
4852, 25473
4853, 4335
4854, 26294
4855, 36855
4856, 14389
4857, 1547
4858, 2534
4859, 534
4860, 1325
4861, 636
4862, 759
4863, 1204
4864, 1584
4865, 1854
4866, 1621
4867, 2196
4868, 1113
4869, 1362
4870, 2127
4871, 1995
4872, 2745
4873, 1076
4874, 2729
4875, 781
4876, 7021
4877, 9572
4878, 11425
4879, 27348
4880, 17475
4881, 3104
4882, 1267
4883, 583
4884, 1
4886, 3292
4887, 6
4888, 125
4889, 4799
4890, 126
4891, 736
4892, 909
4893, 126
4894, 126
4895, 2512
4896, 2436
4897, 116
4898, 292
4899, 1662
4900, 5973
4901, 3376
4902, 18547
4903, 43415
4904, 25052
4905, 10867
4906, 2257
4907, 1433
4908, 829
4909, 1123
4910, 1079
4911, 1148
4912, 2697
4913, 7556
4914, 1653
4915, 5876
4916, 5415
4917, 266
4918, 2497
4919, 4575
4920, 1970
4921, 5069
4922, 10997
4923, 845
4924, 6173
4925, 1993
4926, 5922
4927, 3
4928, 2816
4929, 915
4930, 157
4931, 86
4932, 184
4933, 119
4934, 5
4935, 26
4936, 108
4937, 92
4938, 1
4939, 10
4947, 24
4956, 112
4995, 10
4996, 376
5048, 11768
5050, 8
5052, 960
5053, 3165
5054, 2192
5055, 1024
5056, 960
5057, 1024
5060, 4744
5062, 838
5063, 862
5064, 1259
5065, 1227
5067, 827
5068, 1411
5069, 1728
5070, 11777
5071, 10568
5072, 6339
5073, 1516
5075, 14
5081, 340
5082, 1014
5083, 2076
5084, 1157
5085, 1310
5086, 1198
5087, 1250
5088, 851
5090, 400
5091, 540
5092, 1555
5093, 4
5094, 10995
5095, 26979
5096, 34306
5097, 12241
5098, 11660
5099, 361
5100, 82
5102, 4841
5103, 23036
5104, 11785
5106, 4
5108, 10
5118, 6274
5119, 12123
5120, 1033
5121, 310
5122, 106
5124, 220
5132, 55
5139, 682
5140, 134
5143, 788
5144, 685
5177, 78
5195, 16
5196, 15
5197, 32
5217, 16
5218, 16
5226, 202
5228, 23
5229, 96
5231, 1117
5232, 266
5234, 226
5256, 25
5258, 176
5259, 4655
5260, 2251
5261, 26
5262, 1271
5263, 20
5264, 8
5265, 24
5266, 24
5267, 3004
5268, 744
5269, 400
5270, 1445
5271, 286
5272, 1057
5273, 140
5274, 367
5275, 76
5276, 191
5277, 178
5278, 314
5279, 396
5280, 960
5281, 411
5282, 1691
5283, 429
5284, 334
5285, 455
5286, 36
5287, 2
5288, 588
5290, 370
5293, 68
5306, 20
5307, 20
5308, 391
5317, 20
5318, 22
5321, 18
5327, 21
5329, 20
5338, 2308
5373, 156
5376, 5
5380, 36
5382, 40
5383, 4
5385, 5
5390, 19
5391, 4
5393, 70
5395, 25
5396, 8
5416, 1
5417, 1
5419, 1159
5420, 145
5450, 93
5464, 1
5470, 1
5552, 1
5558, 2770
5559, 11438
5615, 3593
5616, 170
5640, 1
5674, 1
5675, 5761
5676, 30078
5677, 4324
5678, 10344
5679, 6567
5680, 48
5692, 1
5713, 3426
5714, 8
5715, 8925
5716, 17
5717, 546
5718, 1
5719, 1
5721, 1
5726, 4
5770, 1
5771, 8
5772, 1
5783, 218
5784, 80
5805, 112
5807, 11
5809, 6
5819, 1
5824, 1
5825, 2
5826, 1
5827, 1
5828, 1
5829, 1
5830, 1
5839, 1
5848, 4
5849, 29
5850, 1
5853, 1
5860, 26
5863, 20
5865, 2
5866, 1
5868, 1
5869, 1
5871, 1
5873, 27
5888, 26
5904, 26
5917, 26
5938, 7
5947, 26
5954, 20
5970, 1
5976, 1
6115, 26
6427, 26
6644, 38
6645, 40
6646, 98
6647, 7
6648, 200
6649, 234
6650, 818
6651, 124
6652, 22
6653, 2214
6654, 459
6655, 292
6656, 546
6657, 16
6786, 194
6894, 6
6901, 2
6909, 200
6910, 104
6949, 132
6954, 351
6955, 475
6973, 25
6974, 20
7018, 74
7020, 77
7021, 44
7022, 76
7046, 67
7050, 28
7053, 58
7056, 62
7057, 34
7069, 36
7070, 14
7093, 46
7117, 24
7119, 46
7138, 14
7140, 67
7141, 198
7142, 98
7164, 84
7165, 106
7166, 152
7167, 36
7188, 52
7190, 6
7261, 8
7263, 16
7285, 8
7307, 6
7308, 12
7309, 14
7310, 6
7311, 6
7312, 12
7313, 4
7334, 14
7381, 6
7385, 1
7430, 4
7501, 9
7521, 2
7522, 4
7524, 4
7869, 32
7870, 64
7871, 36
7873, 66
7874, 30
7884, 26
7972, 1
7975, 1
7997, 1
8005, 1
8057, 54
8058, 54
8059, 58
8060, 132
8085, 1
8115, 14
8156, 1
8158, 1
8184, 1
8232, 1
8245, 2
8272, 27
8277, 16
8287, 1
